Col_1,Observation_ID,Date,Location,Season,Temperature,Humidity,Rainfall,Wind_Speed
1,JpeDLWuzIJdl,2021-07-14,Jakarta,Dry Season,30.7,89.5,7.9,9.5
2,EF8r6hXBCqfr,2020-11-16,Bandung,Rainy Season,26.2,70.1,4.6,5.6
3,cov0TYDwyQoF,2023-03-22,Makassar,Transitional Season,27.5,80.7,11,13.1
4,aRB0N7xSEnfa,2023-01-02,Surabaya,Rainy Season,26.8,90.4,8.7,4.4
5,fjf9bvNshjHQ,2023-06-05,Medan,Dry Season,24.9,85.4,7.5,5.2
6,jnQGmBA0NZn0,2023-03-15,Jakarta,Transitional Season,31.1,68.2,3.2,4.5
7,sUbfPmjqfjtC,2021-09-25,Medan,Dry Season,23.7,99.7,3.8,11
8,yoaWv1iSk2g9,2020-02-18,Bandung,Rainy Season,26.3,60,21.1,1.1
9,FGaHFpkT8AuG,2023-02-25,Makassar,Rainy Season,26,68.3,5.2,7
10,sHtZghGKMMLh,2023-08-19,Surabaya,Dry Season,28.6,85.4,3.4,7.2
11,6B5RvRGDnF3N,2020-01-24,Surabaya,Rainy Season,31.8,60.7,7.4,10.1
12,uBLSx62e4JGm,2020-12-21,Bandung,Rainy Season,28.5,61.1,10.3,12.6
13,8fuIiMQjGlVg,2024-06-12,Jakarta,Dry Season,31.1,84.3,7.5,9.2
14,Rce2mXR4pWwF,2020-06-13,Jakarta,Dry Season,29.3,82.8,11.8,13.3
15,lSt7kQpwGxf0,2021-09-13,Medan,Dry Season,25.1,69.8,10.4,5
16,h344y6Py1qdS,2024-04-04,Surabaya,Transitional Season,27.2,96.8,11.3,14.7
17,qpTzXjrxU7F8,2021-02-13,Makassar,Rainy Season,31.1,86.9,10.8,12.1
18,VruoaoigzJNp,2022-06-17,Jakarta,Dry Season,22.3,85.8,21.1,9.5
19,Dxtt65wgHVVX,2023-08-13,Surabaya,Dry Season,28,68.3,2.4,12.4
20,yQI6Pd2u4w9g,2021-08-23,Medan,Dry Season,26.5,79.2,7.2,3
21,iE5HXGZjPPmz,2023-07-30,Makassar,Dry Season,29.6,99.5,7.1,4.6
22,dOUYYP6GwncI,2022-07-20,Medan,Dry Season,29.3,99.7,18.4,10.7
23,VVMOG0skYY7C,2022-09-23,Bandung,Dry Season,27.9,78,4.7,5.3
24,num6Q2EFA7gm,2021-09-12,Bandung,Dry Season,31.5,88.6,5.7,13.1
25,aX9MXVgAYZvZ,2024-03-20,Makassar,Transitional Season,22.4,72.7,13.6,10.5
26,yTmU18spD43z,2023-05-20,Medan,Transitional Season,29.7,93.3,11.3,14.6
27,dwahU5Hfl2dO,2022-05-09,Bandung,Transitional Season,22.3,77.4,17.2,2.7
28,9m5n4VTPjbs3,2020-09-15,Medan,Dry Season,28.8,99.8,2.3,12.1
29,rLZxR2gwahSM,2023-08-30,Medan,Dry Season,27.3,92.2,9.2,8.8
30,bzJUzy0VvizH,2021-04-25,Bandung,Transitional Season,29.9,79.4,3.4,13.9
31,VAp1LGslq897,2023-08-14,Surabaya,Dry Season,27.2,81.6,17.6,5
32,5KfY8JuthciU,2020-01-24,Surabaya,Rainy Season,22.3,73.6,3.2,10.4
33,c8eAtgXMfrY3,2023-03-27,Medan,Transitional Season,21,62.1,6.6,3.7
34,pdII4vOf1995,2020-10-25,Bandung,Transitional Season,28.6,78.3,11.2,2.4
35,Ua9NmSTQAko8,2021-02-09,Surabaya,Rainy Season,26.8,79.9,1.4,4
36,LzjcYISR9h0j,2020-11-09,Jakarta,Rainy Season,25.3,71.3,10.3,3.7
37,1231ESsnGZ1q,2024-07-29,Makassar,Dry Season,26.1,91.1,5.9,1.8
38,AedecxA8HDXe,2023-08-08,Jakarta,Dry Season,25,72.2,7.2,14.6
39,HbW0ohc6f6lx,2022-04-15,Makassar,Transitional Season,26.5,80.6,8.5,4.6
40,AsKEcx2I8qQu,2022-09-08,Surabaya,Dry Season,24.2,79.1,3.2,11.6
41,9uttvNIIftAT,2020-05-25,Surabaya,Transitional Season,21.1,90.8,9.5,6.5
42,JFK9muWmavBG,2024-07-02,Jakarta,Dry Season,26.3,66.6,16.1,4.5
43,Ybb8oXICYecU,2023-10-03,Jakarta,Transitional Season,30.1,77.7,1.6,12.2
44,9v5clLo2cKoH,2020-07-15,Jakarta,Dry Season,32.6,80.9,14.3,4.4
45,pstfXHmaDYCd,2024-03-19,Surabaya,Transitional Season,27,79.1,12.9,3.1
46,xNWs8uR7Iq1E,2020-08-13,Medan,Dry Season,26.8,81,3.6,3.5
47,SakqogWUyXdz,2021-05-18,Surabaya,Transitional Season,29.9,87.4,10,14.1
48,0vvVCNLxWXEe,2023-10-10,Makassar,Transitional Season,27.2,74.1,17.2,8.8
49,GueG0KYLgZY0,2022-09-10,Makassar,Dry Season,25.7,93.6,9.6,11.2
50,nKmllcwdI3ba,2021-12-27,Surabaya,Rainy Season,21.8,96.9,6.7,6.6
51,QSkVJoGvdOQH,2022-08-02,Makassar,Dry Season,23.2,64.3,7.5,4.2
52,EOVmhSQKETgu,2023-06-22,Jakarta,Dry Season,28.2,68.3,2.6,3.4
53,7BRNP9yz0Jbo,2022-07-10,Bandung,Dry Season,22.6,79.5,10.6,14.9
54,bVWQuMJDUuoj,2021-09-17,Medan,Dry Season,30.1,73,20.1,13.4
55,NVU8RJjpX9EH,2020-09-18,Surabaya,Dry Season,23,78.9,6.9,2.1
56,BmSe2Hbw77dv,2021-01-24,Medan,Rainy Season,26.4,83.4,4.1,8.1
57,znz1Zc7mrDzU,2020-05-09,Medan,Transitional Season,27,69,14.2,13.5
58,P3zBiY9bDTrD,2023-10-27,Medan,Transitional Season,27,89.4,3.7,11.9
59,niWu1GSWTI9T,2022-10-23,Surabaya,Transitional Season,27.5,66,20.6,2.4
60,eYhSJMUJgViQ,2021-01-08,Surabaya,Rainy Season,28.8,87.9,2.1,5.9
61,8IgeTeDZy8je,2023-11-29,Jakarta,Rainy Season,26.6,70.6,10.3,11.3
62,sfKO3iHtqckm,2022-02-08,Bandung,Rainy Season,26.3,77.1,21.3,9
63,yt7wNJaLgNQr,2022-10-11,Bandung,Transitional Season,27.5,88.9,8.9,8.6
64,uinpkcONs4e2,2021-11-28,Medan,Rainy Season,25.7,79,18.1,12.9
65,GyVVUi2kUvTj,2021-10-11,Makassar,Transitional Season,31.6,73.5,19.8,4.9
66,iVOl9dTGBpAZ,2020-02-09,Jakarta,Rainy Season,20.5,69.6,8.5,11.5
67,ZU8BXsaLxSWU,2021-05-31,Medan,Transitional Season,30.1,68.7,19.5,3.6
68,pTsiioQhO4c0,2020-02-02,Jakarta,Rainy Season,26.3,69.7,9.7,12.6
69,gMZQ3Ro5HFV2,2022-08-02,Medan,Dry Season,28.3,82.6,10.7,9.4
70,6zwhtUd1LO8n,2020-04-12,Jakarta,Transitional Season,30,88.5,0.5,1.5
71,XmpfRvm2y88U,2023-06-05,Surabaya,Dry Season,29.5,64.3,3.4,8.1
72,kYxI7sr109hw,2020-04-18,Makassar,Transitional Season,25,80.8,26.8,9
73,doC44nzdZ5Cd,2022-09-28,Bandung,Dry Season,31.7,94.1,11.6,11
74,yor9Uhn6YhKA,2023-09-14,Bandung,Dry Season,22.1,88.6,1.3,6.9
75,LLR9AkURzg3j,2024-08-19,Surabaya,Dry Season,29.6,72.6,11.3,11.1
76,YUqSCezi1U9f,2020-03-16,Bandung,Transitional Season,25.5,64.6,24.6,4.6
77,1m1kDu319dzY,2022-09-06,Bandung,Dry Season,21.2,83,20.7,13.9
78,ODuD2hLMHOzh,2024-12-05,Bandung,Rainy Season,21.4,93.3,8.7,5
79,KsiymmayHtld,2024-02-23,Makassar,Rainy Season,27.7,80.8,6.7,14.1
80,nbDya9BWhZL0,2024-04-19,Surabaya,Transitional Season,33.7,87.8,3,14.3
81,7MjdK0pd4O8f,2022-01-02,Bandung,Rainy Season,27.8,80,3.1,3
82,JllvS2eWDG1V,2020-01-16,Surabaya,Rainy Season,30.4,74.2,6.2,10.3
83,dRO7y2Pyq5Gb,2023-10-12,Medan,Transitional Season,29.5,98.6,6.8,14.2
84,O8uvG2bBj6mW,2024-10-21,Surabaya,Transitional Season,25,96.9,12.2,7.2
85,5JGzMUwuinGk,2023-06-25,Medan,Dry Season,29.9,68.2,32.3,7.4
86,XhbbGEcMrgu0,2022-10-02,Jakarta,Transitional Season,28.1,98.2,8.6,12.6
87,j1IKh1qXkgQo,2023-09-10,Makassar,Dry Season,27.6,95,23.7,10.5
88,trPilhJaOVOC,2022-09-14,Jakarta,Dry Season,30,87.9,9.1,5.1
89,zzxDOxQpsyYl,2024-07-11,Surabaya,Dry Season,29.2,80.5,17.9,9.7
90,9KuNU5KqNWeT,2024-07-23,Bandung,Dry Season,25.1,79.2,10.8,8.8
91,PWtGmKlm0upW,2020-03-22,Surabaya,Transitional Season,28.2,68.1,7.6,8.6
92,DbRaFZSP0i7l,2022-07-02,Makassar,Dry Season,24.3,64,8.6,14
93,uaBh5HoZRjTS,2020-11-20,Jakarta,Rainy Season,28.9,78.9,5.8,5.4
94,JRFJuiFb6zDR,2024-07-03,Medan,Dry Season,25.7,72.5,0.5,6.2
95,rX19WoQN2Yhp,2023-10-15,Jakarta,Transitional Season,28.4,90.9,10.5,5.8
96,RwLOwMAaOsmX,2022-08-08,Jakarta,Dry Season,28.1,96,22.9,4
97,3ZDmWlbr41w7,2020-10-22,Medan,Transitional Season,26.2,73.4,2.2,14.1
98,S74e55oPxfCy,2020-05-28,Makassar,Transitional Season,28.4,93,10,5.1
99,XPsUMaPH80Uv,2022-09-22,Surabaya,Dry Season,28.7,68.8,6.9,14.9
100,xMxE9cjGvoiK,2024-05-11,Surabaya,Transitional Season,26.3,90.6,5.9,3.1
101,AnmP6AdlrzM9,2020-04-09,Medan,Transitional Season,30.5,82.4,3.2,12.9
102,GK87awuYN0w0,2022-09-25,Surabaya,Dry Season,31.2,76.9,14,9.4
103,MpZcN1i7keWW,2020-10-24,Medan,Transitional Season,25,93.5,7.4,12.7
104,C1tlAKZt2fns,2021-02-05,Jakarta,Rainy Season,24.7,71.5,10.4,9.8
105,F1YlsqyhM8kT,2020-03-31,Makassar,Transitional Season,28.5,78.8,12.8,7.4
106,s16HnE2dVzGd,2022-02-19,Makassar,Rainy Season,24.3,91.2,13.1,12.3
107,gK6oqmzbMFti,2023-04-19,Makassar,Transitional Season,25.7,63.3,13,2.7
108,0kkcFymzu95e,2022-12-13,Makassar,Rainy Season,29.4,75.8,8.8,14.5
109,N6qIoKDRWx0C,2022-04-30,Makassar,Transitional Season,25.3,63.8,19.2,8.5
110,OhVmxajiSFqK,2020-10-14,Bandung,Transitional Season,21.2,65.3,3.1,13.9
111,cFn0IjoLkQpk,2021-12-20,Bandung,Rainy Season,29,68.8,9.6,8.6
112,RWqS7I9wKYtX,2024-11-16,Makassar,Rainy Season,22.2,71,15.8,2.5
113,pppeJBsLUDD2,2020-02-29,Surabaya,Rainy Season,22.9,72,15.1,8.8
114,CQXiyIjfPmLS,2023-08-01,Makassar,Dry Season,17.9,75,2.2,14.7
115,BJ1EbO2wvXRJ,2022-04-28,Bandung,Transitional Season,29.5,79.7,9.6,7.9
116,XKTWqYhuRKvp,2024-07-01,Bandung,Dry Season,27.8,95.1,10,8.8
117,qGYa8MtqluMw,2022-08-26,Bandung,Dry Season,28.4,89.9,13.8,13.9
118,ak4JnR2cl1Sv,2021-01-11,Jakarta,Rainy Season,29.5,98.2,14.3,5.9
119,d8CKfuoeLgJE,2021-09-29,Medan,Dry Season,26.9,73.3,5.9,14.2
120,V3FDJgylNW6L,2021-03-02,Makassar,Transitional Season,23.7,93,24.1,14.6
121,0eFGFhL87yg0,2021-03-17,Bandung,Transitional Season,28.7,65.3,8,12.8
122,0vnFYtu4jMwa,2023-02-09,Bandung,Rainy Season,30.9,65,4.4,10.3
123,Y9eI4gQh36r9,2021-08-06,Medan,Dry Season,22.5,89.1,10,4.2
124,Ua0vflc3kEz2,2023-08-01,Medan,Dry Season,25.2,81.9,10.4,14.4
125,cmtBQULjjRoC,2022-08-08,Surabaya,Dry Season,26.1,84.3,11.3,8.7
126,DXt5CzK0ZzZi,2024-03-16,Medan,Transitional Season,23.1,64.9,5.9,7.8
127,aHKbETQzMzbm,2023-03-10,Surabaya,Transitional Season,29.1,95.1,6.2,14
128,WOlYHDPAvNdw,2024-10-07,Bandung,Transitional Season,25.2,93.7,3.4,4.3
129,7JjbWt8fAhaF,2022-08-26,Bandung,Dry Season,30.8,61.8,6.4,11.4
130,dYTATDL7rKod,2020-11-06,Makassar,Rainy Season,27.2,88.3,10.2,1.3
131,2S5AdA957eab,2022-06-30,Jakarta,Dry Season,29.2,81.4,11.9,4.4
132,T4Y2CTCKX7Vq,2021-04-18,Surabaya,Transitional Season,31.7,97.8,1.1,13.2
133,UTCUcjWftNJ7,2022-03-21,Jakarta,Transitional Season,27.8,96.5,6.8,6.3
134,psA2bu9IpyfP,2024-04-26,Bandung,Transitional Season,30.2,78.2,17.8,3.6
135,NIRWduh2tNLc,2020-02-11,Medan,Rainy Season,27.6,90.6,6.8,3.2
136,GYzXBNc7rz04,2022-01-29,Bandung,Rainy Season,22.5,80.2,12.9,12.3
137,tpn8J1KYYyzj,2023-06-28,Medan,Dry Season,27.1,68.1,15.4,12.4
138,p3EFHEI7iqzz,2024-01-04,Bandung,Rainy Season,29.2,88.7,2.4,8.7
139,R4dnb8yr5aLO,2024-08-19,Medan,Dry Season,28.5,90.7,4.7,5.1
140,klBzAvzQamC8,2020-01-25,Medan,Rainy Season,26.5,88.3,14.9,10.5
141,efJp6fhHxTyH,2021-12-03,Bandung,Rainy Season,23.3,67.7,4.9,12.8
142,8f0NwPiG9rAd,2024-04-16,Makassar,Transitional Season,28.9,71.9,4.6,13.6
143,7AbbdIaXPyP9,2023-06-15,Bandung,Dry Season,24.3,73,1.9,13.8
144,aad47jw4426i,2021-06-09,Bandung,Dry Season,23.2,82.9,15.3,5.4
145,4Ey1h5UrDZUa,2021-09-14,Medan,Dry Season,28.8,95.3,20.5,12.6
146,KowZf04V65mA,2020-09-18,Surabaya,Dry Season,23.3,95.1,6,5.5
147,A3ZdIzPgYyqP,2024-03-07,Jakarta,Transitional Season,27.7,75.4,12.5,5.8
148,WIXmn6X5W0T0,2022-07-31,Bandung,Dry Season,27,89.5,19.5,6.7
149,NKxYDMF1175D,2020-10-25,Makassar,Transitional Season,23,91.9,6.2,3
150,FolcOCS3MQC2,2024-01-09,Surabaya,Rainy Season,30.5,89,5.2,13
151,RFSNrtiobaHP,2021-12-20,Surabaya,Rainy Season,25.2,75.4,17.3,4
152,4Jhj55DMStvC,2021-01-03,Bandung,Rainy Season,30.6,71.9,13.8,5.4
153,u3JVwczxPBaI,2021-05-26,Makassar,Transitional Season,25.6,62.3,5.7,8.6
154,WtsO2cJgNtto,2022-01-27,Bandung,Rainy Season,25.3,86.9,6,7
155,iTA6NTwlItak,2023-10-24,Surabaya,Transitional Season,26.9,67.9,3.3,6.1
156,x3dYY78Jg8tx,2022-01-23,Makassar,Rainy Season,25.9,85,4.2,12
157,ZQPyF2QDqmYI,2022-03-09,Surabaya,Transitional Season,25.9,65.5,9.2,13.2
158,uyoFK0GSbLfR,2022-05-11,Surabaya,Transitional Season,24.4,74.9,8.4,11.9
159,7CBFWD1LO7pr,2023-06-01,Makassar,Dry Season,23.4,72.6,6.9,8.1
160,BBItt4LnEG6Y,2022-02-12,Jakarta,Rainy Season,28.8,92.6,6.2,12
161,kmMBcaNTV8ii,2023-05-22,Medan,Transitional Season,24.6,74.7,9.2,1.2
162,604wKsFQrKUd,2020-10-20,Surabaya,Transitional Season,22.9,77.6,25.1,8.3
163,3J4QNaySPxCM,2021-08-29,Surabaya,Dry Season,25.5,77.6,29.9,12.4
164,RBC7mHFA7pLb,2024-03-21,Jakarta,Transitional Season,24.6,84.1,13.2,11.9
165,HSWVjBZzknDm,2022-02-02,Surabaya,Rainy Season,20.4,76.2,7.8,14.6
166,BZOYXkJfMmkK,2022-02-21,Jakarta,Rainy Season,26.1,98.3,3.3,9.6
167,ltl4dxsSjaNT,2021-06-29,Medan,Dry Season,27.5,98.8,10.1,5.3
168,tCLJbvRy59cd,2021-03-01,Makassar,Transitional Season,27.9,96.6,11.5,4.7
169,3IsXgdcIQcFx,2021-04-15,Medan,Transitional Season,28.2,63.3,5.8,10
170,t8VLxcceyWZd,2020-07-06,Makassar,Dry Season,24,79.1,24.8,14.5
171,AQuZuTHoWlAU,2020-09-10,Jakarta,Dry Season,26,73.6,2.2,6.6
172,Qu2Zqipa4GQl,2020-09-24,Medan,Dry Season,24,86.9,15.5,1.4
173,X1IASjStb49s,2021-10-01,Makassar,Transitional Season,25.1,85.5,8.6,2.8
174,L5GHM5EQaW7e,2023-12-04,Medan,Rainy Season,23.4,94.4,12.3,12.2
175,dKjU2cvApEvu,2020-02-10,Medan,Rainy Season,23.7,97.9,2,5.3
176,a0zpnrauUL8n,2023-05-01,Makassar,Transitional Season,28.9,83,12.5,9.9
177,iaWGwijdDLBK,2024-05-20,Bandung,Transitional Season,26.2,81.4,12.8,7.1
178,sOfgJTG52cfM,2022-04-03,Bandung,Transitional Season,26.2,97.7,6.2,8.1
179,dmw7x17JOGBk,2021-10-25,Medan,Transitional Season,32.2,95.7,16.8,5.9
180,Y1u8RReEzQF7,2023-01-26,Surabaya,Rainy Season,26.8,76.4,15,4.8
181,TC7B428ewIAH,2021-06-20,Jakarta,Dry Season,25.4,62,1.2,9.6
182,trikcFVoXLkK,2020-12-13,Medan,Rainy Season,29.2,91.1,12.6,6.6
183,eZ6YWSoOXebq,2020-04-16,Surabaya,Transitional Season,25.5,97,17,2.2
184,MLwv2CFyvnBM,2020-11-12,Medan,Rainy Season,31.1,75.1,4.5,14.5
185,o1yLCMbvveY2,2022-11-03,Surabaya,Rainy Season,25.9,69.8,5.7,12.8
186,mb0Az22oMj7L,2020-06-10,Surabaya,Dry Season,25.2,63.5,0.8,7.5
187,kvsNx29oyFcY,2021-09-27,Bandung,Dry Season,23.5,75.6,14.1,3.5
188,FBo5sf5B5IYl,2021-12-06,Makassar,Rainy Season,28,67.3,25.5,5.9
189,g0MAGwsUw2RT,2024-06-18,Bandung,Dry Season,31.4,65.3,14.6,6.9
190,qWHDLFlUZnWC,2024-04-16,Surabaya,Transitional Season,25.9,70.3,18.6,3.7
191,6lX1EyCmwG7S,2022-06-24,Surabaya,Dry Season,27.8,82.1,9.3,10.5
192,I61ABcF1pkKn,2024-09-16,Bandung,Dry Season,28,65.9,2.2,5.3
193,sYxDNjUQJxqg,2022-03-06,Jakarta,Transitional Season,31.3,98.5,12.4,12.1
194,Qy9GQsfp3jhx,2021-09-21,Bandung,Dry Season,29,97.8,4.3,7.5
195,qsLrPu6EGkrt,2022-11-26,Makassar,Rainy Season,23.8,99.7,16,1.9
196,U1Rt38m4VSR2,2023-03-07,Surabaya,Transitional Season,24.9,88.2,11,2.2
197,BD4n1XNt8bU2,2023-10-24,Surabaya,Transitional Season,24.8,65.6,12.6,3.5
198,N7nYUKgo1Ya8,2022-10-05,Medan,Transitional Season,27.4,60.4,2,13.2
199,gIgqWA24Pi0Z,2022-02-11,Bandung,Rainy Season,27,87.5,5.4,6.8
200,FDYTmYdDFddF,2024-04-19,Surabaya,Transitional Season,28.1,87.2,6.6,8.5
201,sMFlQOa2JOM2,2020-03-18,Surabaya,Transitional Season,25,96.7,13.3,2.3
202,qIrGKztg4f8Z,2021-06-09,Surabaya,Dry Season,25.9,76.3,5.1,14
203,XIQ0ZxLI3CeG,2024-08-18,Jakarta,Dry Season,29.2,76.9,10.9,9.1
204,OrslvuNbuSvO,2023-01-25,Medan,Rainy Season,26.7,81.5,5.5,12.7
205,13nb3MdLJqQs,2024-10-30,Jakarta,Transitional Season,25,76.5,4.8,6.7
206,ozRg3StB6Uvx,2021-04-27,Jakarta,Transitional Season,29.9,63.9,11.6,13.9
207,kPdx0P3a2z1V,2020-06-30,Surabaya,Dry Season,27,75.2,6.6,14.7
208,34cFT9BXrHDe,2024-02-06,Medan,Rainy Season,24.3,67.9,7.1,2.3
209,KwIA49yOwo2e,2023-02-24,Jakarta,Rainy Season,32.1,89,6.8,1.8
210,NX1wfOYxI42b,2024-12-27,Jakarta,Rainy Season,23.5,60.4,1.1,11.1
211,Eoss149GX1rP,2024-02-25,Bandung,Rainy Season,21.7,96.8,20,6.5
212,GJ0pze8Nvu9R,2024-04-27,Bandung,Transitional Season,20.2,96,2.4,6
213,ZuEkTkQo4GR4,2024-09-11,Surabaya,Dry Season,29,90.2,4,2.4
214,Tnn5DByPkiAj,2024-03-09,Bandung,Transitional Season,25.4,98.1,20.8,7.7
215,82paX24z2Amx,2022-09-18,Bandung,Dry Season,26.2,85,15.7,3.7
216,WMrj7DrXFjBw,2020-12-02,Medan,Rainy Season,27.9,86.2,16.5,4.8
217,7GY376rYNbhO,2021-06-22,Bandung,Dry Season,25.6,75.3,9.8,14
218,aWFN6KNz5X5t,2024-04-14,Jakarta,Transitional Season,22.2,62.6,6.2,9.2
219,czO5rRpU3sqN,2023-04-18,Makassar,Transitional Season,21.2,87.6,7.6,2
220,tceZ5egGtzJ7,2022-05-17,Medan,Transitional Season,26,65.1,0.9,8.5
221,dNvfsfQ7xRR5,2020-07-30,Makassar,Dry Season,27.5,71.7,2.5,13.6
222,9oLBl8oUs6sa,2024-05-29,Jakarta,Transitional Season,20.2,85.3,6.2,1.2
223,YHaGQ3Y0xr3x,2020-07-19,Makassar,Dry Season,27.9,75.6,10,5.9
224,vtNSNYpdAMmg,2023-11-25,Medan,Rainy Season,28.3,62.8,7.5,12.2
225,ZnZpJsmKodHS,2020-03-02,Jakarta,Transitional Season,30.9,94.5,5.5,11.4
226,O6mBkO2bYt3n,2023-07-16,Surabaya,Dry Season,27.5,75.4,16.2,8.9
227,n6XjMBcoLAn6,2023-11-06,Makassar,Rainy Season,27.6,86.8,7.3,2.9
228,iX3Ctrr9khvp,2023-02-21,Bandung,Rainy Season,28.8,60.8,3.5,3.3
229,oMEf4HV7z0hA,2022-12-22,Surabaya,Rainy Season,26.9,83.8,14.8,12.4
230,4eQWX9iTO0wn,2021-07-14,Jakarta,Dry Season,26.8,71,3.8,2.9
231,hBVR7eZC0vQc,2021-07-26,Jakarta,Dry Season,27.3,76,4.5,13.1
232,AfenkoFhAzdG,2024-07-09,Jakarta,Dry Season,29.2,65.8,6.4,4.4
233,Dw25AIiJaB0X,2024-11-27,Medan,Rainy Season,25.7,93,13,2.1
234,6kpCddAjlXaD,2021-06-23,Jakarta,Dry Season,25.5,65.6,12.9,1.8
235,Z84C1h8xyHLv,2020-01-02,Bandung,Rainy Season,24.4,96.4,0.6,12.8
236,L9QHWTbKqZln,2021-11-01,Jakarta,Rainy Season,24.1,96,14.3,8.8
237,zqyms41HwMbk,2024-07-29,Bandung,Dry Season,28,67.7,14.1,6.6
238,n3EFlkxpacJx,2023-02-24,Bandung,Rainy Season,31.6,81.3,3.6,14.1
239,i0faTT19fHVa,2023-05-16,Makassar,Transitional Season,24.1,80.9,6.7,13.9
240,ctibZklAYKkU,2022-02-09,Surabaya,Rainy Season,26.4,66.4,8.1,9.1
241,0YohTQsm0bz5,2022-01-10,Bandung,Rainy Season,23.9,80.8,16.6,5
242,Vdw2fGncs5AS,2020-09-25,Jakarta,Dry Season,29.7,69,2.1,10.8
243,jSZRCB0iilhL,2022-11-01,Bandung,Rainy Season,26,71.3,21,9.3
244,afICQVVmfbvY,2021-12-05,Surabaya,Rainy Season,27.5,80.1,7.9,2
245,fukEnmLaOEmT,2021-10-31,Jakarta,Transitional Season,28,66.4,15.6,4.5
246,iLJkfet2awY1,2024-05-05,Jakarta,Transitional Season,23.8,96.8,4.5,1.9
247,nktEJrtemukQ,2021-03-19,Medan,Transitional Season,26.7,80,15.6,10.4
248,t0UPHXbtS7iO,2021-11-07,Surabaya,Rainy Season,26.3,84.6,6.4,3.6
249,iK0v83Wr0sOS,2024-05-01,Surabaya,Transitional Season,29,89.8,8.7,13.1
250,3nihhE1Fc1Gw,2023-05-06,Jakarta,Transitional Season,23.3,84.7,14.6,11.7
251,zt9tVUcH63bH,2022-06-30,Surabaya,Dry Season,23.4,97.2,8.2,11.7
252,1Bd5xcoJnf7D,2022-10-30,Makassar,Transitional Season,29.3,63.2,0.8,3.6
253,by0zUvLSUjJ4,2022-08-24,Jakarta,Dry Season,25.2,61.1,3.8,3
254,45XKVxUPSoZT,2023-07-02,Surabaya,Dry Season,25,81.7,48.7,11
255,8M4ZIRRvo5aX,2023-05-09,Makassar,Transitional Season,27.3,69.6,5.2,13.4
256,2ULRHGolS4pm,2024-11-03,Bandung,Rainy Season,26,85.8,12.4,6.8
257,j04wvlLWt0fS,2024-03-18,Bandung,Transitional Season,32.6,75.1,7.1,5.4
258,jEes73k3mP9T,2022-04-29,Bandung,Transitional Season,27.8,61.9,10.8,10.1
259,9GsQnOxIaFyR,2020-06-29,Surabaya,Dry Season,27.5,61.9,8.2,9.4
260,CpwyOqKWK79o,2022-01-20,Medan,Rainy Season,29.8,98.5,14.9,3.1
261,KvLQOQItfZvz,2023-07-31,Makassar,Dry Season,26.8,69.1,16.6,13.7
262,6Tf3Rred9O26,2024-11-22,Medan,Rainy Season,27.1,60.5,1.4,3.4
263,foEikb1wk8Na,2021-04-07,Surabaya,Transitional Season,23.8,68.7,2.1,9.8
264,zOChvfqSG4QW,2021-08-27,Surabaya,Dry Season,20.1,62.2,14.4,7.4
265,HvX1YIAgh8t9,2023-08-29,Bandung,Dry Season,23.4,69.4,3,5.6
266,v98DTdHyWiYC,2020-03-24,Bandung,Transitional Season,27.3,76.1,3,6.8
267,CHT8qEQFLvij,2022-09-11,Bandung,Dry Season,23.9,60.6,7.5,10.4
268,Z2fnltNPMu8d,2021-04-08,Makassar,Transitional Season,29.1,74.5,8.2,1.5
269,9jnNOvUWKOIg,2022-09-10,Makassar,Dry Season,29.2,83.4,6.6,5.7
270,lSNOBlCQdK2I,2020-08-12,Bandung,Dry Season,27.7,84.2,11.6,10.9
271,c54wJF6LxXkG,2024-05-15,Jakarta,Transitional Season,26.4,70.5,3.9,6.5
272,b1ofuh3OCImD,2023-01-30,Bandung,Rainy Season,22.9,87,18.6,1.4
273,JyfNfUWXxPVz,2020-06-19,Makassar,Dry Season,26.1,97.4,5.8,14.5
274,RUj8Xc3rU97x,2021-05-03,Bandung,Transitional Season,25.6,60.1,7.3,5.7
275,ZbHQ1oJ4RvtH,2024-08-12,Jakarta,Dry Season,29,91.5,2.4,13.3
276,iBkIfV0Ab0mY,2022-07-10,Jakarta,Dry Season,30.9,92.3,20.1,8.3
277,4nEP5edmTAqx,2021-11-24,Medan,Rainy Season,28.5,62.9,18,9.1
278,QCkWJxba5U57,2024-05-09,Bandung,Transitional Season,23.6,82.7,4.3,4.4
279,J7dIrKDxHHI7,2024-05-08,Makassar,Transitional Season,32,81.6,2.7,2.3
280,qlkYIXNvqqes,2022-10-19,Surabaya,Transitional Season,30,65.5,5.2,2.1
281,yPJQOSJCO7xe,2024-09-04,Makassar,Dry Season,27.7,71.1,4.7,14.4
282,OQ3V8swFDyAK,2023-12-15,Jakarta,Rainy Season,20.4,74.1,10.2,5.8
283,hmI7wbQDsER6,2024-04-27,Surabaya,Transitional Season,24.1,92.5,13.5,12.4
284,6Ufm1QMO0Kkk,2023-05-15,Medan,Transitional Season,26.8,66.9,2.3,7.4
285,wqU0fJWovw3i,2023-01-13,Medan,Rainy Season,29.3,80.8,4,2.3
286,0Rfjoa6hXgWv,2020-06-01,Medan,Dry Season,23.5,90.6,6.8,3.5
287,8dQLDqODXNH0,2022-08-18,Jakarta,Dry Season,36.6,71.6,4.5,12.5
288,dZkjh2bzuA46,2020-08-27,Surabaya,Dry Season,19.3,77.5,24,2.2
289,eNvcTKJgPBAl,2020-02-18,Makassar,Rainy Season,26.3,86.8,5.6,11.8
290,3Y7yxevTYY0h,2023-03-08,Bandung,Transitional Season,26.2,61.5,1.4,2.6
291,5C190nUX640A,2020-06-04,Surabaya,Dry Season,25,82.4,15.8,11.5
292,aXgsBZyUSJLE,2020-09-30,Surabaya,Dry Season,26,97.3,16.1,5.2
293,PGMfVH2ZWNXY,2024-05-09,Jakarta,Transitional Season,29.2,77.4,17,11
294,xqAmfTU9MifY,2023-06-03,Medan,Dry Season,24.4,97.4,9.4,5.6
295,w95qmoLF5zL0,2022-01-31,Jakarta,Rainy Season,20.8,99.1,8.6,11.1
296,GjDJhZm9ROmG,2020-06-18,Makassar,Dry Season,27.3,87.1,2.8,13.9
297,ygffgldeSSYS,2020-10-18,Makassar,Transitional Season,27,71.9,12.6,10.6
298,Ly5n7T2vCfdS,2020-05-27,Medan,Transitional Season,27,68.3,20.4,2.4
299,S9WdTh6Gp9l5,2021-12-19,Surabaya,Rainy Season,29,72.8,8.2,12.7
300,PBRrmglA03t0,2020-07-07,Surabaya,Dry Season,27,94.2,10.9,10.1
301,cAGgC7hcyxq0,2023-02-10,Bandung,Rainy Season,29.3,62.4,12.8,4.8
302,KSEA9pnVHddZ,2022-11-16,Medan,Rainy Season,21,67.3,3.3,5.7
303,ba4dbAEtGwnR,2021-08-28,Bandung,Dry Season,23.6,79.4,13.8,9.1
304,8Qx2GZT0XQT4,2021-10-06,Medan,Transitional Season,28,73.5,2,8.5
305,CDiQyhVv9KVP,2023-01-14,Medan,Rainy Season,25.9,92.5,1.8,8.9
306,PPsJBNOlqxaw,2024-07-07,Medan,Dry Season,29.8,94.8,9,4.5
307,sS2iEHE4Sh6d,2020-09-06,Jakarta,Dry Season,24,60.8,19.6,8.6
308,Hw1Qj2Kba4S8,2020-06-17,Medan,Dry Season,29.2,93,11.3,12
309,iJeK256qAc2B,2022-06-25,Medan,Dry Season,25,76.1,14.1,3.6
310,1Cp6SdRoNK8q,2022-01-01,Medan,Rainy Season,23.7,86.9,4.5,1.6
311,hNcbTreDrX4h,2021-07-03,Bandung,Dry Season,26,64.7,9.3,9.5
312,kKpYRePsho5L,2023-10-17,Surabaya,Transitional Season,27.1,79.1,9.9,8.9
313,bjXwfGVvV5NB,2021-04-01,Jakarta,Transitional Season,23.3,97,15.9,6.8
314,iYC2oc91bEXA,2022-07-07,Jakarta,Dry Season,24.7,83,7.4,8.1
315,zpV85tGCDMnC,2020-04-24,Makassar,Transitional Season,23.3,96.5,4.8,11.3
316,5rG5plKpaLe5,2024-12-07,Bandung,Rainy Season,30.1,90.2,6.8,13
317,UlgANBrFxA6w,2022-01-01,Medan,Rainy Season,29.2,85.2,7,8.7
318,xj3dfHyqO9OP,2023-05-21,Bandung,Transitional Season,23.9,91.8,0.8,6.8
319,rr6AHVPDbL2T,2023-08-08,Bandung,Dry Season,28.7,96.9,11.8,4.3
320,MQmpYjNnZnAu,2023-12-20,Medan,Rainy Season,26.2,66.6,5.5,10.7
321,Ra6kvMcSZh1M,2023-05-22,Medan,Transitional Season,23.7,67.7,13.4,11.2
322,6LVbKwm5qJ8e,2022-09-11,Jakarta,Dry Season,28.3,63.9,0.3,10.2
323,Qcx4kEp8CTqu,2021-03-13,Medan,Transitional Season,26,93.2,4.4,10.6
324,2UNPGzvGMXLM,2021-09-16,Makassar,Dry Season,29.6,92.2,4.2,4.6
325,EBXjhI3nRLwR,2021-06-25,Makassar,Dry Season,26.4,71.2,9.4,5.3
326,KCBNjej149xb,2021-11-29,Jakarta,Rainy Season,30.6,78,13.5,7.5
327,Z8xp89XCPPyO,2024-02-01,Makassar,Rainy Season,25.5,85,11.8,6.1
328,DOme8ic2spyu,2022-07-05,Makassar,Dry Season,27.7,74.8,8.1,7.3
329,DDO1l3114cXj,2022-08-23,Medan,Dry Season,28.1,75.3,12.2,14.8
330,EvmcnozHA9Ab,2024-05-01,Jakarta,Transitional Season,27.8,96.6,6.7,13.2
331,KdK1pp7GPSg9,2023-02-02,Medan,Rainy Season,27.6,75.6,12.8,8.7
332,rjIML4tc831Q,2023-05-10,Bandung,Transitional Season,27,62.8,9,9.3
333,dV5zOh96PeDS,2020-03-28,Medan,Transitional Season,26.7,88.3,12.2,5.4
334,saI3yxuiCL01,2023-10-25,Bandung,Transitional Season,31.1,87.7,14.8,9.6
335,Aea5e7ohPlpL,2021-01-25,Medan,Rainy Season,29.7,63.8,8,4.9
336,N3e0Y5sFUACc,2021-02-01,Surabaya,Rainy Season,25.2,61.5,7.9,14.9
337,zC6gasCKh5m7,2020-09-24,Jakarta,Dry Season,31.2,76,12,11.2
338,rm13rwzbOp8E,2024-09-12,Makassar,Dry Season,27.4,60.5,4.4,10.3
339,6G6fkQci0QvQ,2022-03-29,Surabaya,Transitional Season,25.1,82.7,10.9,10.1
340,kxBgv0al3FIV,2024-03-25,Bandung,Transitional Season,27.5,97.8,7.6,10
341,SuBx01A35fVG,2023-02-18,Surabaya,Rainy Season,26.5,73.7,1.3,11.1
342,WJItsJM7kNdm,2024-06-12,Medan,Dry Season,27.3,69.8,1.7,10.8
343,naimP2BXUkBu,2020-02-06,Jakarta,Rainy Season,24.1,81.7,6.7,6.3
344,r0hDynQhOda3,2021-12-06,Medan,Rainy Season,24.5,64.7,1.8,14.1
345,ON805VB964gZ,2020-06-11,Jakarta,Dry Season,31.1,75,10.1,4.9
346,RxN3WBeQ5Et9,2023-12-12,Medan,Rainy Season,29.9,73.1,16.8,12.6
347,Qjm9pRYpZdR3,2024-12-23,Bandung,Rainy Season,24.3,97.9,7.2,1.8
348,Tuxh3auRBBIC,2020-02-15,Bandung,Rainy Season,24.3,96.4,4.9,9.9
349,5At5ohS56flC,2023-08-03,Surabaya,Dry Season,32.2,90.5,14.2,11.4
350,ZoSq9VKeUbB4,2022-05-08,Bandung,Transitional Season,32.7,90.3,5.5,4.8
351,WmVm8Bo9fdG8,2024-01-27,Jakarta,Rainy Season,24.7,99.9,3.8,14.7
352,bZ6jhOrR6FAN,2022-05-17,Surabaya,Transitional Season,23.1,83.2,28.1,10
353,jHNzGjbrfJDP,2021-01-10,Jakarta,Rainy Season,34.9,68.5,5.6,1.5
354,1zgCnGbR8re0,2022-03-31,Makassar,Transitional Season,27.7,65.3,8.8,8.8
355,cyS8m6oM9k1C,2020-10-06,Makassar,Transitional Season,27.6,91.7,3.4,11.3
356,31JJycFo6siK,2022-07-22,Jakarta,Dry Season,27.2,99.3,2.7,1.5
357,nvjs1J9ocq25,2022-01-25,Medan,Rainy Season,31.2,99.3,1.9,2.2
358,PwDTpgJS8FCw,2022-09-07,Jakarta,Dry Season,26.4,65,1.5,1.9
359,Puc8xUQh42zK,2023-11-28,Surabaya,Rainy Season,31.4,84.7,16.6,5.9
360,cgSMz1e4aBQZ,2021-12-15,Jakarta,Rainy Season,26.3,94.3,4,1.5
361,L2sgkrjHMp8p,2023-06-02,Surabaya,Dry Season,28.5,65.6,3.1,7.2
362,6UkMUQ11wikd,2023-11-03,Makassar,Rainy Season,23.9,74.7,11,13.9
363,LRx0ac4ifBIq,2020-07-24,Surabaya,Dry Season,27.5,66.3,5.8,9.4
364,qi47mApPU9g9,2023-10-03,Jakarta,Transitional Season,30.6,77.9,12.5,11.2
365,CuO7Sbq3bUii,2024-12-29,Bandung,Rainy Season,26.5,79.4,10.5,5.9
366,ErG8BEooWiaN,2021-08-27,Makassar,Dry Season,30.8,98,12.9,1.1
367,QWBJglidgSaC,2023-08-17,Medan,Dry Season,35.2,96.2,4.9,11.5
368,jbcNQ1BA325p,2023-10-13,Medan,Transitional Season,29.8,97.6,5.1,10.5
369,nvSzLykEK6vG,2022-07-06,Jakarta,Dry Season,26.3,90.9,5.9,5.7
370,nt89gE8EkORk,2021-11-14,Jakarta,Rainy Season,27.3,63.7,9.4,8.4
371,E4TUQ2Oqxn5b,2022-02-03,Jakarta,Rainy Season,25.7,60.6,3.5,9.1
372,kPRqOjg7DzuG,2021-10-08,Surabaya,Transitional Season,33.5,73.3,7.1,6.6
373,b9KfzbEYL4OX,2024-12-01,Bandung,Rainy Season,18.1,69.7,3.1,12.7
374,0epzADTlfCVc,2020-06-07,Makassar,Dry Season,27.2,91.7,22.4,4.2
375,mAl1i0EohW2e,2022-07-16,Medan,Dry Season,27.3,79.9,8.7,12.7
376,A1bRTXGwuFFm,2022-09-04,Medan,Dry Season,27.6,80.6,4.4,2.4
377,jUSpoZDYaQFX,2022-07-23,Jakarta,Dry Season,22.3,62.9,17.8,9.1
378,XX5QdRgn3Q1C,2021-10-14,Makassar,Transitional Season,27.6,73.8,13.5,12.3
379,USV68x3zoUKV,2023-11-02,Medan,Rainy Season,27.6,90.3,4.3,12
380,HApcvpLmgUUt,2024-04-14,Medan,Transitional Season,30.8,75.4,8.3,4.9
381,DxONbfys5NOY,2022-12-13,Makassar,Rainy Season,28.6,60.3,12.4,13.2
382,O8LBK0BF0ILr,2021-05-28,Bandung,Transitional Season,30.3,88.7,11.1,7.3
383,Y8HSULOLjYqv,2021-06-23,Surabaya,Dry Season,24.1,82.3,7.4,5.8
384,O7bkFFB8qnb6,2021-01-21,Jakarta,Rainy Season,26.6,62.8,0.5,11.1
385,6A3qwSlw5ziZ,2022-07-17,Bandung,Dry Season,27.6,73.9,1.4,3.1
386,tmrXNH4ENrKl,2024-07-04,Medan,Dry Season,27.8,76.5,5.3,10.9
387,agtok7K8VYrh,2022-09-15,Medan,Dry Season,24.9,72.5,6.7,3.5
388,msmv4ZS8a7xA,2023-05-20,Medan,Transitional Season,31.4,89.5,5.9,5.9
389,vuBeevTFWT8j,2022-01-16,Medan,Rainy Season,25.2,75.5,8.7,7.3
390,Ddv7f4E02kNi,2023-07-12,Makassar,Dry Season,22.2,84.8,4.8,5.1
391,pUny9bqJMsUq,2023-03-07,Bandung,Transitional Season,28.2,84.9,12.4,13.8
392,KEfW1oqpuRu6,2024-09-30,Makassar,Dry Season,29,92.1,7.5,9.4
393,3x6YJJbNTKQ2,2021-09-18,Bandung,Dry Season,29.8,86.2,10.3,6.9
394,FQwpxz6IBQDk,2024-06-05,Makassar,Dry Season,24.2,87.2,6.1,2.7
395,UQ1IPMEaH0XG,2023-12-03,Medan,Rainy Season,26.3,76.4,14.9,4.3
396,2YQgAA5H722g,2021-09-11,Medan,Dry Season,23,86.5,11.8,9.7
397,pjcTYVW0hvsN,2020-07-20,Medan,Dry Season,29.5,61.1,5,10.6
398,kH1VhjUwNeY8,2020-03-13,Medan,Transitional Season,28,92.6,28.6,9
399,BTzXeZmpESWD,2024-08-09,Bandung,Dry Season,29.7,63,2.7,6
400,nu6zMN9pgrao,2020-11-30,Surabaya,Rainy Season,28.8,96,7.2,9.4
401,4LHkRt7zeePW,2022-12-05,Jakarta,Rainy Season,25.2,62.8,20.9,14.6
402,sAIVYl7kfBMV,2023-06-24,Jakarta,Dry Season,27.5,67.6,16.9,6.5
403,18VedXktgYTq,2020-05-10,Makassar,Transitional Season,21.3,91.1,4.9,12.9
404,tiwC54fTZz0m,2023-03-19,Makassar,Transitional Season,28.5,68.1,14.9,1.6
405,ihMjctTxWp4t,2022-12-20,Medan,Rainy Season,29.9,76.2,6.8,6.9
406,6qBvNsk3LEiP,2022-11-09,Bandung,Rainy Season,24.4,77.8,8.9,1.3
407,DUwyUeNrqOIZ,2021-11-12,Makassar,Rainy Season,20.6,84.3,21.5,1.4
408,fQ2RAx1cIddT,2023-10-09,Medan,Transitional Season,22.4,83.1,7.5,2.4
409,NHEQp6CUlDis,2022-09-09,Makassar,Dry Season,23.7,62.4,6.1,14.2
410,BvZ7A6pJpTLY,2021-06-12,Surabaya,Dry Season,30.7,67.3,8,10
411,zmZ9hbeGnG3h,2020-03-22,Makassar,Transitional Season,27,71.8,1,3.1
412,dY4liCRXvQqq,2023-05-19,Surabaya,Transitional Season,23.3,75,1.8,7.2
413,qUdDDlchznVZ,2023-04-12,Bandung,Transitional Season,28.7,88.5,10.8,6.7
414,lCR4urRpHVw0,2020-09-29,Jakarta,Dry Season,20.5,65,4.6,4.2
415,hSvnQJdcv9Ah,2020-04-03,Bandung,Transitional Season,26.3,77.2,7.4,10.6
416,Z50IYt9PIv3d,2020-11-25,Medan,Rainy Season,30.3,61.2,5.9,4
417,dtpTdkXh4L5w,2022-07-21,Jakarta,Dry Season,26,78.2,12.1,12.6
418,dozCMsyJJ0PP,2023-12-23,Medan,Rainy Season,30.9,91.8,7.4,10.9
419,YApLzGm0JJGp,2024-09-09,Jakarta,Dry Season,32.4,78.9,20,8.3
420,i2AvHwVA5zt8,2020-06-27,Jakarta,Dry Season,23.5,69.5,7.9,1.8
421,aY7LDtN6OJh4,2023-01-02,Surabaya,Rainy Season,23.5,95.5,3.2,9.7
422,inWi8RcDHAHX,2020-10-30,Jakarta,Transitional Season,24.3,65,12.5,11.8
423,95vyI8xT0HbO,2022-07-18,Makassar,Dry Season,28.6,70.8,4.7,6.4
424,nTihZC0AZmny,2022-08-11,Makassar,Dry Season,29.5,95.3,15.6,10.4
425,qlEfZZBWQ1Li,2021-04-17,Jakarta,Transitional Season,30.6,90,11.1,1.4
426,IJgckvcRLieE,2023-10-01,Jakarta,Transitional Season,30.9,63.9,15.9,3.7
427,JvxvSmGmBcWe,2022-04-08,Medan,Transitional Season,30.2,92.6,28.4,11.3
428,dgiQWIBNahlL,2023-06-08,Jakarta,Dry Season,29.8,94.3,3.2,7.5
429,h1fleaBFmPIe,2023-10-21,Bandung,Transitional Season,27.5,64.7,17.9,7.3
430,zw6rGGizStFg,2023-02-13,Surabaya,Rainy Season,24.3,65.5,1.5,12.4
431,qesJxhGk0Rog,2021-12-26,Surabaya,Rainy Season,24.8,81.9,22,13.7
432,gCqsgSA2IKfb,2022-10-07,Makassar,Transitional Season,28.2,62.4,2.8,13.8
433,tjo7FWMSuJCA,2020-04-17,Jakarta,Transitional Season,32.1,79.8,1.1,13.8
434,15eaI8YDCmTI,2021-10-20,Makassar,Transitional Season,32.1,60.3,8.6,14
435,5cFqBarWwG7D,2023-09-11,Makassar,Dry Season,21.2,93.9,6.9,8.6
436,NB7dv1bfU7mZ,2024-11-06,Bandung,Rainy Season,24.5,62.5,7.3,10
437,FtVhROHc63MH,2021-08-23,Surabaya,Dry Season,31.3,92.8,4.5,1.8
438,vOt0txvc6qEU,2024-04-14,Jakarta,Transitional Season,23.8,81.6,16.4,6.8
439,KggyAVZc1hOe,2021-09-09,Surabaya,Dry Season,22.2,80,13.4,8.2
440,7jBP9Nj7AMkK,2020-04-12,Makassar,Transitional Season,28.8,60.9,9.6,10.5
441,QHfhGcO8LKPb,2022-01-24,Surabaya,Rainy Season,32.2,82.2,10,6.1
442,UdrXCGGx6fdG,2023-09-30,Makassar,Dry Season,32.8,88.8,16.7,6.6
443,btHKKxIVI9zf,2023-07-05,Jakarta,Dry Season,28.6,69.4,15.8,4.4
444,0tZDm9Dbb2LN,2023-11-17,Bandung,Rainy Season,29.2,92.5,7.1,3.2
445,uHckq2L3hOYB,2023-04-22,Makassar,Transitional Season,28.7,76.9,4.4,8.4
446,reqO9Hove1Dz,2022-04-22,Bandung,Transitional Season,26.9,82.6,19.2,12.2
447,ZaHEo8y8ll6q,2023-11-14,Surabaya,Rainy Season,16.9,66.1,2.7,7.2
448,8FyriaIGguBm,2024-12-27,Surabaya,Rainy Season,29.3,67.8,24.8,11.6
449,769nsubP0HSm,2020-07-15,Bandung,Dry Season,25.8,66.7,4.7,9.9
450,lwGKHf4xqPlM,2024-08-04,Surabaya,Dry Season,30,93.4,17.5,13.5
451,UFm8J5mi4Nr4,2023-04-30,Bandung,Transitional Season,25.1,64.4,8,6.4
452,8hSGV2mFh8sT,2022-01-15,Bandung,Rainy Season,22.1,70.7,14.6,14.3
453,jlKqPgUDfgI8,2024-05-01,Bandung,Transitional Season,30.7,91.9,24.1,10.9
454,LlCQ3LwjjdO1,2023-05-01,Jakarta,Transitional Season,27.5,72,15.6,14
455,i1ty7Zou6vhT,2023-12-19,Surabaya,Rainy Season,37.5,94.7,5.5,6.2
456,c5U450NwgTyo,2022-12-08,Medan,Rainy Season,29.7,61.6,15.5,12
457,7P2t8cMcGO4S,2021-04-04,Makassar,Transitional Season,30.1,73.6,7.5,4.1
458,1px0UCD8GLy9,2022-11-11,Medan,Rainy Season,29.3,72.4,12,7.8
459,tkEtvptrfnbo,2024-11-27,Medan,Rainy Season,25.2,65.2,13,10.5
460,0AU26zIGix23,2024-11-05,Bandung,Rainy Season,25.9,75,9.6,7.5
461,JRAR6ZIAtNmn,2023-11-01,Bandung,Rainy Season,30.2,78.6,2.5,14.1
462,5TiH9JczWFcj,2020-05-11,Surabaya,Transitional Season,30.2,61.9,15.2,5.8
463,Vth8YMleatts,2024-05-21,Makassar,Transitional Season,28.7,99.5,13.2,1
464,TTCdLZRb4Q31,2020-07-05,Jakarta,Dry Season,24,96.3,13.8,4
465,COjcyePU6eGO,2020-02-22,Surabaya,Rainy Season,32.1,99.2,4.4,1.5
466,O2tQNRF0MoV8,2022-07-22,Makassar,Dry Season,22.9,66.8,26,5.9
467,zjwaiAwa6t6Z,2021-09-28,Jakarta,Dry Season,25.7,61.7,8.9,2.4
468,sNdVtNX32YDB,2022-12-18,Jakarta,Rainy Season,34,65.7,4,11.2
469,x331NLajO3hE,2022-04-16,Medan,Transitional Season,28.6,74.4,3.9,11.3
470,vff6VvMC5JWs,2021-11-12,Bandung,Rainy Season,29.9,81.8,4.4,10.1
471,dhWnQ74rWUzg,2021-12-02,Medan,Rainy Season,28.1,97.5,6.9,13.4
472,iV5Qdyl5tv9M,2023-11-28,Medan,Rainy Season,24,85.4,12.1,2.6
473,MEpkIL2oVAb8,2023-03-31,Surabaya,Transitional Season,25.2,79.4,15.8,4.8
474,9tAlWQZgYW6W,2020-03-27,Medan,Transitional Season,27.5,63.4,26.3,13.4
475,9JQbgSptK2uk,2020-08-15,Makassar,Dry Season,18.2,97.8,3.3,14.6
476,PHjIQTxuw4WB,2024-05-11,Jakarta,Transitional Season,24.5,73.9,2,13.6
477,wP4ZzZ0yraIT,2024-08-10,Medan,Dry Season,29.4,74.8,4.7,10.7
478,qZkBJlvEnA4f,2024-04-11,Bandung,Transitional Season,26.1,85,16.6,14
479,liL3quI1aqOW,2023-04-12,Makassar,Transitional Season,26.1,89.1,32.8,11.5
480,6sZiEvxUln58,2023-04-12,Makassar,Transitional Season,29.6,67.9,42.5,2.5
481,5SSvOlJ4EGeY,2020-01-03,Makassar,Rainy Season,25.4,83.5,21.7,8.5
482,jB4DQxd8yaln,2021-08-29,Medan,Dry Season,28.9,93.7,2.2,5.8
483,FaZQikTJkwZH,2021-12-03,Makassar,Rainy Season,22.7,100,7.3,11.2
484,g790cbc9OWf3,2021-02-05,Jakarta,Rainy Season,23.3,60.5,6,5.8
485,kpyPIrrhJpri,2020-05-17,Surabaya,Transitional Season,22,92.9,17.6,11.5
486,baov3Kv6sy3O,2021-04-25,Surabaya,Transitional Season,27.3,68.2,4.1,5.6
487,rpyNMbPhA1Nd,2022-02-05,Jakarta,Rainy Season,26.4,64.6,7.8,5
488,GA9ytkotAOZX,2024-06-07,Jakarta,Dry Season,31.3,87.5,3.2,5
489,rdueCAoPK6xv,2022-03-31,Makassar,Transitional Season,26.9,70.9,19.5,3.9
490,9Pul8RCmRdaq,2022-05-18,Medan,Transitional Season,31.1,92.9,4.2,5
491,wo7g0L5KWifD,2021-10-30,Jakarta,Transitional Season,32.8,85.8,1.9,4.7
492,5sjjYgeWepLc,2024-11-08,Surabaya,Rainy Season,25.5,81.1,19.7,3.3
493,fRjN2SroAaoJ,2021-12-08,Surabaya,Rainy Season,28.2,61.1,1.9,3.3
494,GPA0xbjpt7OX,2024-02-07,Bandung,Rainy Season,24.5,71.5,2.5,5
495,BJ9DjXeElTju,2022-06-23,Surabaya,Dry Season,29.2,61.4,9.4,8.2
496,H2CFoKot3oAT,2023-04-06,Surabaya,Transitional Season,23.8,95.9,8.8,6.2
497,m6mbxXNgsVq4,2023-01-15,Medan,Rainy Season,23.9,65.2,4.5,14.2
498,eNCvu2eYXwUK,2021-05-10,Medan,Transitional Season,27.9,62.1,6.8,9.1
499,TglJ1eD5yGJr,2020-08-05,Makassar,Dry Season,27.3,74.6,38.8,8.5
500,CzmKce3tePLY,2020-11-27,Bandung,Rainy Season,27.8,87.8,17.6,11.2
